axis,start_idx,end_idx,duration_sec,peak_residual,level
axis4,3872,3883,22.692,7.409601629792064,ERROR
axis8,3298,3311,26.474,6.593017111666565,ERROR
axis8,3424,3435,22.692,6.386008254547852,ERROR
axis8,4945,4955,20.801000000000002,5.704882174388335,ERROR
