axis,slope,intercept
axis1,-1.1767285669287653e-07,0.7305420857437379
axis2,2.1942034174285996e-06,3.52388581901242
axis3,-5.777185960381603e-07,2.7338978834565046
axis4,3.890034464727866e-07,0.6043568012838468
axis5,8.381177886041351e-08,0.9511027579170771
axis6,4.744455471905782e-07,0.580077361896368
axis7,5.537186154202206e-07,0.8475626287465716
axis8,8.499988745963792e-08,0.09874786274985085
