axis,residual_mean,residual_std
axis1,-2.2925355459087725e-17,2.1620908570390145
axis2,2.7510426550905273e-16,6.879687800550646
axis3,-1.1462677729543863e-17,5.111818954206735
axis4,7.450740524203511e-17,1.5748510909010023
axis5,-1.3182079388975442e-16,2.1001585213486824
axis6,-1.4328347161929827e-17,1.8154418655536146
axis7,-1.0316409956589476e-16,2.16674554872628
axis8,0.0,0.42306539042077007
