axis,MinC,MaxC
axis1,14.484866947829053,20.96686289461999
axis2,31.475375373085345,41.7951656676316
axis3,23.597566651476487,30.22704954871084
axis4,10.147074130263585,13.00852019084734
axis5,11.007933789072391,16.092185002525625
axis6,12.062241319389743,16.162987265674737
axis7,7.243830650309465,7.255759934030138
axis8,3.821230640421625,4.250259696512555
